state_id;country_id
1;FRA
2;FRA
5;FRA
25;FRA
26;FRA
29;FRA
30;FRA
31;FRA
43;FRA
44;FRA
45;FRA
84;FRA
85;FRA
86;FRA
87;FRA
88;FRA
89;FRA
124;YUG
125;YUG
126;YUG
127;YUG
128;YUG
141;YUG
142;YUG
143;YUG
144;YUG
147;CZE
156;FRA
162;CZE
167;FRA
168;FRA
169;FRA
170;FRA
171;FRA
173;GER
176;GER
195;GER
196;GER
198;GER
199;GER
201;GER
202;GER
203;GER
204;GER
205;GER
206;GER
209;GER
210;GER
211;GER
212;GER
214;GER
215;GER
216;GER
217;GER
219;GER
220;FRA
221;FRA
225;GER
226;GER
227;GER
229;GER
230;GER
233;GER
237;GER
238;GER
239;GER
240;GER
241;GER
244;GER
245;GER
246;GER
247;GER
251;FRA
252;FRA
253;FRA
254;FRA
255;FRA
256;FRA
257;GER
258;FRA
259;FRA
260;FRA
261;FRA
262;GER
263;GER
264;GER
266;ALB
267;ALB
268;ALB
270;ALB
271;ALB
272;ALB
273;ALB
274;ALB
275;ALB
277;AUS
278;GER
279;GER
280;GER
281;GER
282;GER
283;GER
284;GER
289;GER
290;GER
296;GER
301;GER
302;GER
303;GER
304;GER
305;GER
308;GER
309;GER
310;GER
311;GER
312;GER
313;GER
316;GER
317;GER
318;GER
319;GER
320;GER
321;FRA
322;FRA
325;GER
334;YUG
337;GER
338;GER
339;GER
340;GER
341;GER
342;GER
343;GER
349;GER
350;GER
351;GER
352;GER
353;GER
354;GER
356;GER
362;FRA
363;FRA
364;FRA
369;GER
370;GER
372;GER
373;GER
374;GER
375;GER
376;GER
377;AUS
378;GER
379;GER
380;GER
385;GER
386;GER
387;GER
388;GER
390;GER
391;GER
392;GER
393;FRA
394;FRA
395;FRA
396;GER
397;GER
398;GER
399;GER
400;GER
401;GER
402;GER
404;CZE
405;CZE
406;CZE
407;GER
408;GER
409;GER
410;GER
411;GER
416;GER
417;GER
418;GER
419;GER
420;GER
423;GER
424;GER
426;GER
427;GER
430;GER
431;GER
432;GER
433;GER
434;GER
437;FRA
438;FRA
439;FRA
440;FRA
441;GER
442;GER
443;GER
444;GER
445;GER
446;AUS
447;AUS
448;AUS
449;AUS
450;AUS
451;AUS
452;AUS
453;AUS
454;AUS
460;GER
461;GER
462;GER
463;GER
464;GER
465;GER
466;GER
467;GER
470;FRA
471;FRA
472;GER
473;GER
478;GER
479;GER
480;GER
481;GER
482;GER
483;GER
484;GER
485;GER
486;GER
488;GER
493;FRA
494;FRA
495;FRA
496;FRA
497;GER
498;GER
499;GER
500;GER
501;GER
502;GER
505;FRA
506;FRA
507;FRA
508;FRA
517;CZE
522;GER
523;GER
524;GER
525;GER
526;GER
527;GER
528;GER
529;GER
530;GER
531;GER
532;GER
533;GER
534;GER
538;GER
540;GER
541;GER
542;GER
543;GER
544;GER
545;GER
546;GER
549;FRA
550;FRA
551;FRA
552;FRA
553;FRA
554;FRA
555;FRA
556;AUS
563;ROM
565;CZE
566;GER
567;GER
568;GER
569;GER
570;GER
571;GER
574;GER
575;GER
579;FRA
580;ALB
581;AUS
582;AUS
583;AUS
584;AUS
585;AUS
586;AUS
587;AUS
588;AUS
589;AUS
590;ROM
591;GER
592;GER
593;GER
594;GER
598;GER
600;GER
601;FRA
602;FRA
603;FRA
604;FRA
605;GER
606;GER
625;GER
627;GER
628;GER
629;GER
632;GER
634;GER
635;GER
636;GER
637;GER
638;AUS
639;GER
640;GER
641;GER
642;GER
643;GER
644;GER
645;GER
646;GER
647;GER
648;GER
649;GER
650;GER
651;GER
652;GER
653;GER
654;GER
655;GER
656;GER
658;GER
660;GER
661;GER
662;GER
663;FRA
665;ITA
672;GER
673;GER
674;CZE
675;CZE
676;CZE
677;CZE
678;CZE
679;CZE
680;GER
681;GER
682;GER
683;GER
684;GER
685;GER
686;GER
687;GER
688;GER
689;GER
690;GER
691;GER
694;GER
696;GER
697;GER
698;GER
700;GER
701;GER
702;GER
703;GER
704;GER
705;GER
713;CZE
714;GER
715;GER
716;GER
717;GER
718;GER
719;GER
720;GER
721;GER
722;GER
723;GER
725;FRA
726;FRA
727;FRA
728;FRA
729;FRA
730;GER
734;GER
735;AUS
736;AUS
737;AUS
738;FRA
739;FRA
740;FRA
741;FRA
742;FRA
743;FRA
747;GER
752;GER
754;GER
755;GER
756;GER
757;GER
758;GER
759;GER
760;GER
761;GER
782;AUS
783;AUS
785;AUS
786;AUS
787;AUS
788;AUS
793;GER
794;GER
795;GER
796;GER
797;GER
798;GER
799;GER
800;GER
801;GER
802;GER
803;GER
804;GER
807;FRA
808;ITA
809;ITA
810;ITA
811;ITA
812;ITA
813;ITA
814;ITA
815;ITA
816;ITA
817;POL
818;POL
819;POL
820;POL
821;POL
822;POL
823;GER
824;FRA
825;FRA
826;FRA
827;FRA
828;FRA
829;FRA
830;HUN
831;ITA
832;ITA
833;ITA
834;ITA
835;ITA
836;ITA
837;ITA
838;ITA
839;ITA
840;ITA
841;POL
842;HUN
843;HUN
844;HUN
845;HUN
846;HUN
847;HUN
849;ITA
850;ITA
851;ITA
852;YUG
853;ITA
854;YUG
855;YUG
856;YUG
857;YUG
858;YUG
859;POL
861;POL
862;POL
867;ITA
868;ITA
869;ITA
870;ITA
871;ITA
872;ITA
873;ITA
874;ITA
875;ITA
876;ITA
877;ITA
878;ITA
879;ITA
880;ITA
881;ITA
882;ITA
883;ITA
891;POL
893;ITA
894;ITA
895;ITA
896;ITA
897;ITA
898;ITA
900;FRA
901;ITA
908;GER
909;GER
910;GER
914;FRA
915;FRA
916;FRA
917;FRA
918;HUN
919;YUG
921;YUG
922;YUG
923;YUG
924;YUG
925;YUG
926;YUG
927;YUG
928;YUG
935;GER
936;GER
937;HUN
938;HUN
939;HUN
941;ITA
942;ITA
944;GER
945;GER
946;GER
947;GER
948;ROM
949;ROM
950;ITA
951;ITA
952;ITA
953;ITA
954;ITA
955;ITA
956;ITA
957;ITA
958;ITA
959;ITA
960;ITA
961;ROM
962;ROM
963;ROM
964;ROM
965;ROM
966;GER
967;GER
968;ITA
969;ITA
970;ITA
971;ITA
972;ITA
973;ITA
974;ITA
975;ITA
976;ITA
977;POL
978;POL
979;POL
980;POL
981;POL
985;YUG
988;GER
991;ITA
992;ITA
993;ITA
994;ITA
995;ITA
996;ITA
997;ITA
998;ITA
999;ITA
1000;ITA
1001;ITA
1002;ITA
1003;ITA
1004;ITA
1005;ITA
1006;ITA
1007;ITA
1008;ITA
1009;ITA
1010;YUG
1011;YUG
1012;YUG
1013;GER
1014;GER
1016;POL
1017;GER
1018;POL
1019;GER
1020;ROM
1027;ITA
1029;ROM
1030;ROM
1031;ROM
1032;ROM
1033;ROM
1034;ROM
1035;FRA
1036;POL
1037;CZE
1038;POL
1039;POL
1040;POL
1041;GER
1042;GER
1043;GER
1044;GER
1045;POL
1046;POL
1063;ROM
1064;ROM
1065;AUS
1066;YUG
1068;YUG
1069;YUG
1070;YUG
1071;YUG
1088;YUG
1089;YUG
1099;YUG
1100;YUG
1101;YUG
1102;YUG
1103;YUG
1104;YUG
1105;YUG
1106;YUG
1118;ROM
1119;ROM
1120;ROM
1124;POL
1125;POL
1126;POL
1127;POL
1143;ROM
1144;ROM
1145;YUG
1146;YUG
1147;YUG
1148;YUG
1149;YUG
1151;ITA
1152;ITA
1153;ITA
1154;CZE
1155;CZE
1156;CZE
1157;CZE
1158;CZE
1159;CZE
1160;POL
1161;POL
1162;POL
1163;POL
1164;POL
1165;POL
1166;POL
1167;POL
1187;HUN
1188;HUN
1189;HUN
1190;HUN
1191;HUN
1192;HUN
1193;HUN
1194;HUN
1214;ITA
1215;ITA
1216;ITA
1217;ITA
1218;ITA
1219;ITA
1220;ITA
1221;ITA
1222;ITA
1223;ITA
1224;ITA
1240;ROM
1241;ITA
1242;ITA
1243;ITA
1244;ITA
1245;ITA
1246;ITA
1247;ITA
1248;ITA
1249;ITA
1255;ROM
1256;ROM
1257;ROM
1258;ROM
1259;ROM
1260;ROM
1267;GER
1270;POL
1312;ROM
1314;YUG
1315;YUG
1316;YUG
1317;YUG
1318;YUG
1319;YUG
1350;ROM
1351;ROM
1353;ROM
1354;ROM
1355;ROM
1356;ROM
1357;YUG
1358;YUG
1359;YUG
1362;GER
1369;GER
1371;POL
1372;POL
1373;POL
1374;POL
1375;POL
1376;POL
1385;ALB
1395;GER
1398;GER
1399;GER
1413;POL
1414;POL
1439;ROM
1450;GER
1451;GER
1452;GER
1475;ROM
1476;ROM
1477;ROM
1478;ROM
1479;ROM
1480;YUG
1506;YUG
1507;YUG
1508;YUG
1509;YUG
1510;YUG
1511;YUG
1512;YUG
1513;YUG
1514;YUG
